你可以选择名字	645394982693646494
抱歉打扰了	22674263272653
她还教我花巧针织	8242454269648274269436944
去帮她重返正轨	782264829466432694364484
我坚持去年报告的决定	965426244786426226426335833464
我和你同行	96436486644264
也许该采用较深的颜色	93984242249664542674363392673
我快十岁了	96582474478453
迪宝娜嫁了给查理	34226625425343424254
你不想伤害茱丽叶的感受	642894264742644249485493334267468
我俩当明星	96542326464649464
看妈就知道	52662548944326
我今晚要用车呀	96546926926966424392
她是艺术家	8274494748542
除以国民生产总值	248944866467436424269664944
叫紧急行动小组待命	542654654426436649426983246464
队长会炒我鱿鱼	3842426448424269696898
我抓到他了	9694823268253
如果再不快点约她出去	7848692428582434269838224878
谢谢你的手机	9439436433746854
一你不能出去	946428636424878
陶德史帝芬	8263374434336
我找遍了整栋公寓	969426242653943643664466498
你们到底在干嘛	646363263492442662
他总不理我	829664285496
你得陪着我	643373494396
袜子也很柔软	9294934367687826
什么是我们真实的人生	7436637449663694367443373674364
明天爸爸要带我去动物园	64648426222292632496783664989826
你只剩下一小时了	649447436494294942674453
谁能叫得最长	7484636454263398424264
最伟大的领导者	98493432335464326943
我一下子就认识他了	9694942945487367448253
她入了少先队员	827853742694263849826
米迪亚叔叔	643492748748
把这个戴上	229434332474264
他一直漫游着	8294944626968943
你在哪里工作	6492462544664986
只想做一件事情	944942649869454267447464
哥普赫夫拉雅巴	43784338529222
这些现象显然是	9439439426942649426726744
我又不是磨坊主	9696828744663264948
这是莫科娃	943744665392
你在问问题	6492493693684
你确实脾气不好	64783744747428426
他们没有结婚	82636634968543486
今晚有车要过来	546926968243926486524
我死之前看到什么	96749447426526326743663
这里是莫斯科广播	943547446674534826426
而且才二十岁	3774322437744784
铁轮子都在这里	8435869436892494354
我记得很清楚	9654334367464248
你为什么不告诉我们	64934743663284267896636
他不会变蠢的	82284842426248633
不管你说什么	284826647486743663
你和猪田先生关系很好	64439488426942674364482654436426
好大的雪啊	42632339832
也许我有点跑题	939896968342672684
就可能失去孩子	5485363647447842494
他们是小鸡	82636744942654
如果没有他	7848663496882
狂热的乌尔巴尼亚	5826473339837226492
准备吃草吧	948623424422622
你看见那女的样子多惊恐	64526542662683392649438654645664
你们在同一窗口赌马不成	6463692486649424826456838622824364
对你太变态了	38464824242682453
我得做点什么	96339863426743663
在人们的生活	9247366363374364486
在法庭上的钱	92432846474264337426
我会做四百年	96484986742246426
一所大房子	9478632326494
我与自尊有关	9698949869684826
我是自私的	96744947433
你可以调用	64539434269664
你可以只是呼气	6453949447444874
我的意思是	96339474744
漫长的旅程	62624264335824364
所有的财富在夜间	7869683322438924935426
他相信自己所做的	8294264946945478698633
以不变应万变	9428242694649262426
化妆男人把我吊起来	4829482646267362296342674524
大家就可以一起吃年夜饭了	325425485394947424464269332653
是一个拖累	7449443886534
我们是亲兄弟	966367447469466434
我现在要走了	96942692492696853
别被发现了	24323432942653
我怀疑其中一个就是你	964824947494664944354874464
我们会抓住她们	96636484948294882636
私家侦探追来了	745429436826948452453
敲几下铃算了	7426549425464782653
你可以留下	645394548942
你是松开他之前	647447664524829447426
我们以饼干牛奶为食	96636942464426648624934744
你从哪儿弄的这个	642664623766643394343
我想给你看看我所谓的你的	96942644346452652696786934336433
你最喜欢的科目	64984944826335368
他们很与众不同	826364369894664288664
什么都没有	743663368634968
不用谁批准谁	28966474847494867484
你知道我要责怪谁	64944326969269348247484
你到底是怎么想的	6432634744936639426433
大学是想要压缩英语系	32983744942649269278694649854
可对他来说可能很长	5338482524748653636443624264
你和我到车里去脱掉衣服	644396326243547888634269438
你当然英俊	6432647269464586
有钱佬为什么总是长不高	968742652693474366396647442426428426
我们知道克莱有问题	966369443265352496893684
第三个家伙不见了	347264354248628542653
监听器和供电器	5426846474434664342674
开着红白相间的敞蓬车	524943466422494264542633242647364243
我根本不在乎你们懂不懂	964362362892448646363664283664
你知道这是什么吗	6494432694374474366362
任何无法撤出的人	73643983224324833736
这么戏剧化的结束了	9436394584823354374853
展销会还好吧	9426942648442442622
都在查询伦奎斯特	3689242429865865847483
你会觉得很有成就感呢	64484583334369682436454842663
那些白痴们	62943224244636
你们似乎很亲密	64636744843674664
我没穿丝袜	96634248267492
有没有杀过人	968634968742486736
也不要与我们对抗	932892698966363845264
我们快去接应	966365824785439464
自然会让人刮目相看	9472648472647364826894264526
当初真不该告诉你	32642489436284244267864
性能也不怎么样	946463649328936639264
这种反应会使我们丧命的	943946643269464484744966367264646433
昨晚是不是很刺激	986926744287444362454
你应该先用酒精消毒的	64946442494269664548546494263833
大家快向后退	32542582494264468884
也许你该公开说明	939864424466452474866464
要不然你爸就会在	926287266422548484924
我当时年轻	96326474464267464
我要那撮头发	969266298686832
红薯都是放在紫色罐头里的	46647483687443264924947348268685433
是你把晚饭烧着了	7446422926326742694353
笑也是会传染的	9426937444842482672633
那许多覆盖在外表的隔热瓦	629838638424924924242633437392
系链也松弛了	54542693766424453
去探索其它的恒星	7882678674823343649464
哈勃搜寻到一个类星体	42267689863269443534946484
卓斌先生夫人	948624694267436438736
我不用想的	962896649426433
只有你和我	944968644396
如果我知道下一步	78486969443269429428
他要炸艺术学院奖	8292694294748983982654264
一切就都没事了	9474354836863474453
我们猜是三角恋情吧	9663622474472654265426746422
弗兰克不会失败的	38526532848474422433
在那堆内衣裤中	92462384634945894664
那一定会令他们很尴尬	6294346448454648263643642642
那是你最后的机会	62744649844683354484
一日内三名缉毒人员遇害	947463472664645438736982698424
把她扔出去	2282736424878
无非为了这个	983349345394343
怎么说我也是个官	9366374869693744434826
还是你们来吧	4247446463652422
看你睡得那么甜	5266474843362638426
为什么那些人都中了毒呢	9347436636294373636894664533863
把宝剑好好收起来	222265426426426746874524
记住要多穿点衣服	549489263862482634269438
还跑来闹我	42472652462696
你千万不可以说出去	647426926285394748624878
大不了退后就是了	32285388446854874453
我去你的花开富贵	9678643348252438484
第二天就说有了	34378426548748696853
因为那让我爽	94693462726496748264
里面是什么	546426744743663
以及持枪抢劫	94542447426474264543
这件事不需要你来当狄林阁	943542674428989266452432643454643
我可以的你当然可以	965394336432647265394
你认识医生马克伊	647367449474364625394
那天早上你散发着茉莉香味	628426926742646472632943665494264934
他也救过我	829354848696
如果他还活着	7848682424486943
那个玛戈尔是邪恶的娼妓	62436243377449433332426454
你认做是他的儿子	6473698674482333794
她嘲笑我们	822426942696636
我以为你已经死了	9694934649454647453
他醒过来问你	82946448652493664
请不要离开我	7464289265452496
燃烧着咽喉和胃	726742694392646843934
他们拥挤在街道和旅店中	826369664549245433264358342694664
还有多长时间准备	4249683862426474454269486234
今晚是你的婚礼	546926744643348654
当你最终面对上帝	3264649849466464263847426434
上帝选择我去救他	7426434982693967854882
你希望见到她	64949264542632682
并不时亲吻它	24642874474693682
吃了会有什么感觉	24453484968743663426583
你看到她了吗	64526326825362
她在你之后	8292464944468
我在这里分辩不清	96924943543362426287464
这是上帝的审判	9437447426434337436726
你们会拿到金钱的	6463648462326546742633
在打猎之后	92432543944468
它已经很长时间没有打开了	829454644362426474454266349683252453
哈瑞特也会来的	42784839348452433
昨晚撞伤它了	986926948264742648253
在电话里比较好开口	924342648254245426426524568
笑一个给我看好吗	942694434349652642662
关于你爱的女人	48269864243368736
我能想象到你笑的样子	966364942649426432664942633926494
个人气象服务台	4373674942643898824
正脱衣服呢	94364886943863
前几天我打电话都打不通	74265484269632342648236832288664
波兰商人卡罗尔	26526742647365258637
你最喜欢这个地方	6498494482694343343264
是你的男友还是你的兄弟	744643362696842474464339466434
今天是我的生日	546842674496337436474
我来关门的	96524482663633
法庭上的事情吗	3284647426433744746462
你也来过我的办公室	649352448696332264664744
就在桌子上	54892494869474264
你这臭婊子想打架是吗	649432468242694942643254274462
你答应我不告诉任何人的	643294649628426787364373633
那么感化他们的机会	6263426482826363354484
十五年还是二十年	744986426424744377446426
我可以躺在你旁边吗	9653948264924647264242662
十七国赞成延期苏联债务	744744869262436492674785426942498
这有那么重要吗	94396862639466492662
根本不要为别人操心	43623628926934243736226946
那我怎么说	6296936637486
我都习惯了	9636894482653
现在可以说了	94269245394748653
当然不不是你	3264726282874464
麻烦你能告诉我	623266463644267896
当他们干完之后	326482636426926944468
给我来点咖啡	43496524342652334
你想玷污他神圣的形象吗	6494264342698827436743643394649426462
百万也是一大笔钱了	22492693744943224742653
一个维吉尼亚的纸板箱	94439345464923394422694264
他离开了那个警察	82545245362435464242
你被鞭打了	6423424263253
伊冯梦想着来这里	94336463649426494352494354
因为我的住处的空气太干了	94693496339482483356647482442653
美圆的利润	63498263354786
那伟大的爱情故事	62934323324746448744
不能发生这样的事情	28636432743649439264337447464
我死去的父亲	9674783338746
伊冯也回到了她的咖啡店	94336493484326538233523343426
如果你想请病假	78486649426474642464542
她不会察觉	8228484242583
你咋不全都给她	649228782636843482
难怪这个城市这么多犯罪	6264824943432436474494363386326984
那些吃不饱饭的人	629432442822632633736
你跟你那个警察这件事	6443664624354642429435426744
请在哔声后留言	74649242474364468548926
因为有了你	9469349685364
对已经受损的停车场结构	384945464746878633846424324264543468
找你的电话	942664333426482
他趁着我们睡着时想爬上来	822436943966367484943744942647274264524
他把东西放在我的信箱里	8222366494326492496339469426454
为什么是我	93474366374496
拜托你快一点	224886645824943426
还有一只脏脏的手	4249689494492649264337468
第一集最精彩	3494549845464224
我真的很忙	969436334366264
我真的不知道	9694363328944326
这里是英格朗家	943547449464435264542
差一步就能成功	24294285486364243644664
佛莱迪死了	36524347453
我只想知道大家怎么样了	96944942649443263254293663926453
然后突然大家都改变心意了	726468887263254236842424269469453
至少我妈会出席	9447426966248424894
你也被捕了	64932342853
现在是你寻找去路的时候了	942692474464986942678583374446853
并且他的亲人与爱人	246474382337467369824736
几十个暴徒	547444322688
你这样做太过分了	64943926498682448633653
而且我想他也希望	3774396942648293949264
因为她母亲的错	946934826874633286
你很快就要成为	64436582454892624364934
多家事缠身	38654274424267436
把菜带过来给	22224324486524434
将会负责所有修补的费用	54264484389378696894828333349664
先生的小女儿	9426743643394266837
大石内藏助	327446342264948
究竟发生了什么	5485464327436453743663
把前面夫人的话打断了	2274266426387363348232382653
想想办法吧	94264942642263222
在他们去找宝藏的时候	92482636789426226226433744468
我不害怕你	96284247264
上气不接下气	74264742854394274
不然你就要被肢解了	287266454892623494454353
并且别告诉我你欠我一次	24647432434267896647426969424
他的血液太多嘛啡了	8233983938243866233453
这个幽灵要杀	943439685464926742
这就是你以前所有的权力	9435487446494742678696833782654
没用的小猫咪喝最慢呀	6349664339426626644398462692
你没有集中精神	64634968549466454647436
他给了旅馆老板	8243453584826526226
你这个大混蛋	649434332486326
需要个朋友送你回家吗	9892643736496876646448454262
你有很特点	64968436833426
的事你也在跟我撒谎	337446493924436967248264
把那个给我点	226243434963426
我想我们应该	9694264966369464424
不尊重我的人问好吧	2898694664963373693642622
那是你歌里的	6274464435433
看来我们的人生经历了	52652496636337367436454645453
她头脑里装满善良	8286862654948264626742654264
我想你告诉我一个故事	9694264644267896944348744
他们都死了	826363687453
不过我射了那王八蛋一枪	284869674353629264223269474264
抑或不接手	94486285437468
你这个混蛋	6494343486326
她能得到解脱	82636433326543886
多起纵火案	38674966448626
下次蹲下来	94224386942524
有大事故了	968327444853
惟一退出的理由	934948842483354968
把他带出去	228232424878
我一直想买一些	96949449426462494943
人事命令已经生效	73674464645464945464743649426
一直到最近	94944326984546
有的话也只能说一点点	9683348293944636474869434263426
上帝不会绕过你们的	7426434284847264866463633
可是等不下去了	537443364289427853
就是朱爷爷的孙女啦	5487449489393337866852
以前好像没看过你	9474264269426463452648664
怪你爸爸做的菜	482464222298633224
让孩子们远离麻醉药品	72644249463698265462984926746
我该命令美国分部去抓肯吗	96424646454646344863362878948253662
我们将优先找到隆	9663654264968942694263265664
我看着你走到消失为止	96526943649683269426744934944
这是那笔钱找的零钱	9437446224742694263354647426
一旦她稳定下来	94326829363464942524
你得先摸到我啊	6433942666326962
到底什么意思	326347436639474
不是神秘的财团吗	2874474366433224882662
这影响到我的荣耀	94394649426432696337664926
为何你要这样对我们	9344364926943926438496636
应该有三个孩子	94644249687264342494
那个穿黄衣服的跑步人如何	62432482648264943833726287367843
你的生活就从此改变了	643374364486548266424424242653
总是这样的	9664744943926433
叫医护人员来	542694487369826524
还记得我吗	42454339662
我们是马奇和斯丹	9663674462744374326
你就离目标越近	6454854682426983546
你按程序来的吗	642624364985243362
你可以与子弹共舞	6453949894326466498
意大利杀手	9432547427468
你认识她吗	647367448262
我可不像你的花拳绣腿	9653289426464334827826948884
岂不是跟海盗一样	7428744436424326949264
没有爆炸呀	63496822694292
一担米就是一担米	94326645487449432664
阿宽不舒服	258262874838
蓝色的就三件	52673335487265426
要是我们一插手	92674496636942427468
辛苦你们了	946586463653
眼睛像猫头鹰一样	9265464942646268689464949264
飞鸿他们来了	33446648263652453
梁宽是什么样的	542645826744743663926433
所以不敢乱动	786942842658263664
你们的手指	64636337468944
你猜他们会	6422482636484
当然长命啦	326472624264646452
你也应该为老婆孩子着想啊	649394644249345267642494943942642
祖师爷保佑	9874493226968
我也被打中了	9693234329466453
别坐那么挤嘛	24398662635462
有没有便宜一点的	96863496824269494342633
不要乱说话	2892658267486482
明天你出发打海盗	64648426642483232424326
然后去演另一个人	7264687892654649443736
有些打斗片断	9689433236874263826
最安全的东西	98426782633366494
单眼英在哪里	32692694649246254
我看你们还是先走吧	9652664636424744942696822
我家有把琴	9654296822746
遍地都是啊	2426343687442
我还等你来救我呢	964243364645245489663
似乎什么事都没发生过	74487436637443686343274364486
这是马小军	943744629426586
还藏起来了	42422647452453
所以也没时间来找你	78694936347445426524942664
就躺在陌生人的床上睡会儿	548826492466743647363324826474264748448437
羊搞让人给划了	9264426726473643448253
这场颇费苦心安排的架	9432426476334589462672433542
她那无意中裸露出来的身体	82629894946645865824852433743684
真是马猴哎	94367446246824
可是大夏天哪来的荒草呢	5374432942842662524334826422663
那么你的生日是几月几号	6263643374364747445498354426
毛主席呀毛主席	626948949262694894
好多人为她打架	4263867369348232542
好了你该回家了	426536442448454253
他们来了二百多人	826365245337224386736
像个小媳妇	942644394269438
大家都觉得我是个神奇的人	3254236858333967444374367433736
他愤然死去	823367267478
我怎么招惹你了	96936639426736453
各班人员立刻向指挥官报到	4322673698265453942649444844826226326
你来这准备和疯子作战	645249439486234433364949869426
你将会有一个完美的士兵	64542644849689443926634337442464
我不单只是为了新闻	962832694474493453946936
你和那伙流氓	6443624865486264
警报哔哔声	5464226242474364
情报专家恐怕	746422694826542566472
把他们送走	22826367664968
虽然政府蔑视我	784726943643864374496
他们知道我们来了	826369443269663652453
不料却遇上了一个神	28542678398742645394437436
洁食即符合犹太戒律的食物	543744543843968824543583374498
你每投资一千元	64634868949474269826
唐培里侬香槟	8264734546664942642464
斯特恩出事了	74833624874453
我们从隔离	9663626644354
你的西装在哪买的	6433949482649246262433
自从犹太区的大屠杀开始	94266496882478333288742524744
他知道他快死了	829443268258247453
一对杏仁巧克力做的小灰马	9438494647367426535498633942648462
你还能干什么呢	64424636442674366363
安息日炖品里的豆子	269474386746543336894
如果这间工厂生产出了	78486943542646642426474364242624853
我愿变为小提琴	9698262426934942684746
就在那时贝多芬先生到了	5489246274423438633694267436432653
亲爱的兄弟	74624339466434
我不这样认为	96289439264736934
他一个月只换一次内衣	8294439839444826942463494
路丁和歌手们争论过	5834644343746863694364586486
我计划如此	96544827824
使你成为成功的记者	74464243649342436446643354943
在玛丹娜的演唱会	92462326623392624264484
只是我没证据	944744966349436458
发痒难受的高领毛衣后	329264626746833426546462694468
出外旅游多少药膏都不够	24892458968386742692642636828468
我怎么有此荣幸了	9693663968247664946453
我见过交易所	965426486542694786
为什么每个人老是提它	934743663634437365267448482
她得到家具	823332654258
我的继父进了监狱	9633543854653542698
我不需你帮我买帽子	9628986422649662462694
把桌子抬回去	2294869482448478
不管你丈夫姓什么	2848266494264389464743663
文词要精简	9362492654645426
每个警员都精神紧绷	6344354649826368546474365462364
你以为不会遭报应	6494934284849262269464
你安心睡吧	6426946748422
天里就解决了	84265454854358353
一句话也没说	9458482936347486
你最好看一下这里	649844265269494294354
杰克逊博士	5435398626744
能量现在是	6364542649426924744
我们将待在这里	966365426432492494354
你们进步了许多	64636546285398386
你离婚了没有	645448653634968
你可以开开门吗	64539452452463662
而是要做的	3774492698633
我只想问你今天过的好不好	96944942649366454684264863342628426
你对脸的记忆力好吗	6438454263354945442662
你喜欢我的照片吗	6494482696339426742662
我想是这样的	9694264744943926433
但是先生们和女士们	3267449426743646364368744636
伦敦希思罗机场直航	586386947458654242649444264
这是个假的	9437444354233
她能歌善舞	82636443742698
我们李家有后了	966365454296846853
奴才奉太后口喻	68224336482446856898
你肯接客我就放你出来呀	64536543539654832646424852492
可以脱他的裤子看哪	53948868233589452662
怎样啊好啊	936926424262
我在禁宫里遇到我的至爱	9692454646645498326963394424
桂莲那一对最正点	48454266294384984943643426
新买的非常贵呀	946624333342426448492
原来桂莲被卖到妓院	98265244845426234624326549826
你不要再替他隐瞒甚么啦	6428926924848294662674366352
而事实病毒已经在体内蔓延	3774474424643894546492484634626926
当水流通过它们时	32647484548866448682636744
当夕阳尽褪	3264949264546884
有一只必须离开	96894944249854524
它的触角将变红	823324854265426424264664
您的电话吞了两法郎	6463334264828865354264325264
这发是空枪	94332744566474264
领事馆人员正赶过来	54647444826736982694364426486524
必须还给我	249842443496
是算我赚回来的	7447826969482648452433
我们怀疑您的前夫	9663648249464633742638
昆汀并没有什么来头	58684642464634968743663524868
我决定看完再自杀	96583346452692692494742
他比之前更较真	82249447426436454269436
他们就记住这些	8263654854948943943
如果按照我说的做	7848626942696748633986
我不想世人给我的定义是	9628942647447364349633346494744
你知道什么让我称奇吗	64944326743663726496243647462
那么我可以走了	626396539496853
现在我怎么办	94269249693663226
为什么你要走	93474366364926968
我要一个人娶她	9692694437367882
这主意不是你出的吗	9439489428744642483362
他还送我花	82424766496482
切断脊髓阻止强直	7433826547849894474264944
这位小姐宣称有事要说	94393494265439826243649687449267486
我需要证据来制止坏人	969892694364585249449444824736
我感到恐怖的力量	96426326566428335454264
眼睛里欲望的光辉	9265464549892643348264484
有问题的话问师兄吧	96893684334829367449466422
只核对了一	944433845394
都饲养牧羊狗的	36874926468926446833
那是最好的地方	6274498442633343264
我想问你一个问题	969426493664944393684
市长办公厅的人能够相信吗	74424264226466484643373663644689426494662
是意大利人	744943254736
我看过电视的	96526486342674433
可知外面怎样说你	5394492464269369264748664
举手面向墙	58746864269426474264
德国陆军的一个突破	33486585863394438876
都不知道该把它们怎么办	36828944326424228263693663226
是精神抖擞和无忧无虑的	744546474363687684398968985833
老牛和灌木丛	526648434826682664
我们才是承受这	96636224744243647468943
用这些来供奉你	96649439435244664336464
左腿上什么都没有了	9868847426474366336863496853
晚上你不知道敌人的武力	92674264642894432634736339854
对于战斗的困惑所有事	38498942636833586486786968744
我们进行了	96636546426453
还有磨损和刮伤影片	42496866786434827426494647426
当我放大的时候	32649632643233744468
就是编码和创作的开始	5487442426624324826498633524744
为了全面地了解人们的观点	934537826642634535437366363348263426
因为对德国战后的感觉	94693438433486942646833426583
你开始用广泛的资金	645247449664482643263394546
我们向他展示了每一个框架	966369426482942674453634944358264542
他们死在战争中	826367492494269436494664
他穿着一条红色大号吊带裤	822482694394842646647332426342632458
制作人要离开	94498673692654524
但是制片人毕竟是老大	326744944742673624546474452632
这是研究中最重要的事情	9437449265489466498494664926337447464
他们都是伤愈后的人	82636368744742649846833736
这仍然受到争论	9437364726746832694364586
里面的访问集中于我这一点	54642633326493654946649896943943426
荷兰的人民在纳粹的占领下	4352633736646924622843394265464942
就是德国和空军中将	548744334864356645869466454264
我一点都不怀疑	9694342636828482494
在我作报告的时候	9249698622642633744468
而且我也不确定我的	3774396932878334649633
尸体送到了浮士德	744847664326533874433
她在调查中的地位十分重要	82924342624294664333493474433694664926
图片不仅展示了牙齿的数目	88742628546942674453922443374868
我都有牢固的信仰	9636896852648339469264
你真的不想被询问	649436332894264234986936
对付斯大林	384387432546
他们总是移动	826369664744943664
他是习惯左手	827449448269867468
向他们开枪后	942648263652474264468
因为某种原因	946934668946649826946
最大的技术进步	98432335474854628
因为两年时间我一直读	9469345426464267445426969494438
在去海滩的路上	92478424826335874264
非常像英国皇家空军在	33424264942649464486482645425664586924
我没经历过的新鲜事	96634546454486339469426744
她调查了我在什么地方	8234262425396924743663343264
克妻子身上的事情	537494743674264337447464
之后才是他的政治声明	944468224744823394364944743646464
完成任务多么艰难	9262436473698386635426626
医生决定开门还是关门	947436458334645246364247444826636
但不允许因为我有病	3262898698946934969682464
我通过格子架往外看	96866448643945429264924526
他们一个叠着一个	8263694433439439443
然后他把嘴器官给我	726468822298474482643496
我可以想象那是怎样的范围	965394942649426462744936926433326934
利用宣传和新闻	54966498262482643946936
他们从微开的门走出去	8263626649345243363696824878
那些女孩一定要到德国工作	6294368424943464926326334864664986
还有公共避难所的人们	424968466446642462678633736636
当它被包围时希特勒期望	3264822342269347449483534749264
在战争的最后几天对美国	92494269436433984468548426384634486
提到奥斯分这样的集中营	84326267433694392643354946649464
但是德国女子联盟的孩子们	326744334866894542663643342494636
而是希特勒	377449483534
让有特权的人们和简单背景	7264968837826337366364354263262345464
他的德国同伴为奥地利和	823333486866422693426345443
一战过后的这些年来一直	94942648646833943943642652494944
我的誓言就是忠心	963374492654874494664946
国家的重生要仔	486542339466474364926924
营地从来都没有少过	94643426645243686349687426486
这项基金将公平地帮助所	94394264545465426446647464342264948786
向东移动到汉斯	94264366494366432642674
出于善意的人被捕了	24898742694337362342853
真是可怕的画面	94367445372334826426
我讲到哪儿	96542643266237
下次给我小心点	942244349694269463426
他似乎很棒	8274484362264
要去你自己去	9267864945478
你愿意付卖吗	649826943862462
刚刚也已经谈过	4264426493945464826486
你在说什么	649247486743663
我得把它挂在车上	9633228248292424374264
对我非常重要	384963342426494664926
有点感情好不好	9683426426746442628426
我还记得在离开前的那晚上	964245433924545247426336292674264
在湖边那次	9244824266224
希望他会忘了查身分证	94926482484926453242743633694364
让我把头放到这	726496228683264326943
想吓我可没这么简单	942649429653634943635426326
我哭的这么厉害	9658339436354424
整个冰箱都是	9436443246494264368744
吉迪奇奥万岁	54347426926784
回去你的座位	484786433986934
什么时候放映	74366374446832649464
像岩石一样坚强	94264926744949264542674264
但丁在这里	326346492494354
把我弄上去	229666647426478
你就站在自己房子的前面	64548942692494543264943374266426
葛拉迪丝卡将要结婚和离去	435234745254264926543486435478
这是斯库雷扎	9437447458534942
现在你看不到了	9426924645262832653
别说你没有自慰过	24374866463496894934486
他们把我吵醒	82636229624269464
如何控制她可是个难题	7843566494482537444362684
罗纳德柯曼	586623353626
是什么意思	7447436639474
但是我们生存在	3267449663674364286924
在纽约市你不能不特别小心	9246489837446428636428832439426946
这不是演戏	9432874492694
你要去跳伞	64926788426726
他是条鳄鱼	827448426398
康乃克到哪去	5264624533266278
我们第一件要做的事是你	96636349454269269863374474464
再玩五分钟好吗	924926983369466442662
但这次却毫无线索	32694324783426989426786
那么你告诉我	6263644267896
到窗户那边去	3262482644862242678
不然你以为是怎么回事	28726649493474493663484744
而且人就在附近	3774373654892438546
如果你想独自呆着的话	784866494264389432494333482
你这个婊子	6494343242694
你们知不知道圣昆丁在哪里	64636944289443267436458634649246254
弯度和宽度相似的手枪	9263843582638942647433746874264
史威特牺牲了	74493483947436453
来让金子合法	5247264546944332
但巫医没有	3269894634968
这些能够答复你吗	943943636446832386462
你已经是那样了	6494546474462926453
当你的鼻子靠近污物时	3264643324945265469898744
而你独自一个人面对他们	376438949443736642638482636
我也可以玩吗	9693539492662
或者也许你太过信任你自己	486943939864824486946736649454
这就是你和我之间的差别	943548744644396944542633242243
如果你离开了	78486645452453
你给她牛排	6443482648724
直接说重点	9445437486946643426
一百五十个骑着马的歹徒	94224987444374943623332488
法定的首相	32346433746894264
当时直接的敌人莱姆	3264744944543333473652468
在正式的场合	92494364744332426443
他被绑在上面	822342264924742646426
主持了会议	9482445348494
因为很明显这个政府	94693443664649426943439436438
元首和我握了手	98267468439696537468
看在老天份上	526924526842633674264
他们的怀疑已经被回答	826363348249494546423448432
了我说的吗	539674863362
开战初期我们空军的优势	52494262487496636566458633968744
我们都对德军在俄国	96636368384335869243486
不再有胜利了	28924968743645453
当我进屋里来	3264965469854524
还记得这首吗	4245433943746862
他会杀了我们	824847425396636
月该工程还远未完工	98342446642436442498269349264664
因为他是个很顺从的总司令	946934827444343674862664339664745464
法国的反击	324863332654
因为天气非常好	94693484267433424264426
十个美国人中的九个都决心	74443634486736946643354843368583946
我们已希望避免射击	966369494926424642674354
要么放弃它或贮藏它	9266332647482486948226482
没有山姆大叔	63496874266832748
海军对在太平洋被置于	4245863849248247464926423494498
只是带你四处看看	9447443246474248526526
我只需要它了	96944989268253
他是不是回来了	827442874448452453
没有人敢我	63496873642696
你的家人与匹兹堡	6433542736987494226
一个小男孩跑	94439426626424726
我得看看你	963352652664
你冰彼得滑冰	64246424334822464
不要把我当作虽然	2892622963264986784726
是否有你的东西	7443689686433366494
该消息是从我这里	42494269474426649694354
你能想象你和	64636494264942646443
但你想嫁给我像你	3266494264542434969426464
你觉得妈妈真的很好	64583336262943633436426
现在会吃你的面包	942692448424464336426226
我确实不知道	9678374428944326
洛林和卢卡斯	58654643585274
如果你知道	7848664944326
你快点给我上车	64582434264349674264243
你认识那个红发的	64736744624346643233
走私者走私者	9687494396874943
这样不公平因为	94392642846647464946934
也许他只是表面上有钱	93988294474424266426742649687426
更容易长肉	436476649424264768
汉斯教给一切	42674542643494743
别忘了假期下周就结束了	24392645354274942946854854374853
就像在拉普小屋一样	548942649245278942698949264
我不怪你一个人	96284824649443736
我们时不时搭便车	9663674428744322426243
也许在正午时	93989249436498744
吉诺维斯住在哪	546869347494892462
省着你的借口	743649436433543568
我怎么知道	9693663944326
只是个大冷库	9447444332536458
那天没有战争	628426634968942694364
当你向我挥手告别	32646494264964847468426243
经过一场战斗	546448694242649426368
那就是没有制空权的制海权	6254874463496894456647826339444247826
而想当首相的那个人	37942643264746894264336243736
和警察不同的	43546424228866433
那不是法国人	622874432486736
他能在哪儿	8263649246237
你知道我安排了多少场婚礼	6494432696267245338674262426448654
那太尊敬了	62824986546453
我知道它是空的	9694432682744566433
我喜欢你的功夫	969448266433466438
我肯定不是她偷的	965363464287448286833
就象个现代的罗马执政官	548942644394263243358662944943644826
在托布鲁克	924886285853
淡水又很稀少	3267484968436947426
就象恺撒一样	5489426452472949264
有许多血腥的战斗	968983869839464339426368
我将我的生活加入了脚本	965426496337436448654278535426236
有人在找你	968736924942664
我都能想象要发生什么事儿	9636863649426494264926327436474366374437
我能进入时间	966364546787445426
你可以呆在这儿	64539432492494337
什么波利斯沙皇	74366326547474248264
发发慈悲吧	32322423422
当代的东西	326432433366494
瓦西里耶维奇	9294549393474
但是不要注销我的房屋登记	3267442892694894269633326498336454
我可真衰啊	96539436748242
不要去那里两次	289267862545426424
我是说另一个	96744748654649443
那是被盗物品的清单	6274423432698746337464326
你怎么可能是我老婆呢	6493663536364744965267663
老爸拥有太多	526229664968824386
外国技术员在	924486547489826924
我们都想要公平	966363689426492646647464
现在请停下来	942692474648464942524
存在于这个古老世界的真理	28692498943434852674454333943654
和东北地区	4336642343478
和一到两个新节目	4394326542644394654368
毫克的奴佛卡因	4265333683652946
毛泽东的家就在这园林中	62693366433542548924943982654694664
村民变成流浪汗和乞丐	28664624262436454852644264374424
它靠双手挖成	8252674826474689224364
一千年以来	947426642694524
在上海市中心的一个湖上	92474264424744946649463394434874264
听起来很不错	84647452443628286
提醒佛萝蓝色腰带的事	849464365865267392632433744
我想有客人来了	96942649685373652453
我把旧家卖了	962254854262453
相信驱魔力量能让症状消失	942649467866545426463647264943649482649426744
他们要我来找你	8263692696524942664
他在那里做什么	829246254986743663
耶稣基督的力量要你离开	937854383354542649266454524
今天你做了什么	54684266498653743663
我以为我可以好好睡一觉	9694934965394426426748494583
大家都爱我	325423682496
芮根放假后	7844363264542468
我要你告诉我	96926644267896
我是你妈妈的朋友	96744646262337364968
驱魔仪式长达好几个月	78669474424264324265443983
屈服在耶稣基督之下	783892493785438944942
我也希望我能告诉你	96939492649663644267864
你是唯一一个读过它的人	64744934949443384868233736
那个最初设计了你的住处的	62439842487435453643394824833
现在她的日子好过多了	94269248233749442648638653
对忠贞你如何看	384946649436647843526
看上去我又说错话了	526742647896968748628648253
卡特琳娜和我都是孩子	528354662439636874442494
我以为问题不大	9694934936842832
天真与惊惶	8426943698546448264
现在我明白了	942692496646422453
他从来没有出轨过	822664524634968248484486
声称女性长久以来受到压迫	7436424364689464242645489452474683269276
设计于伊斯门彩色影片厂	74354989474636224739464742624264
葆拉获得了助学金	226524863353948983546
她们朋友的母亲会怎么想	82636736496833687464849366394264
我放在床头几上的	963264924248264868547426433
一夜情绪反复挣扎后	94937464983263894364942468
唠叨不休地谈我自己	5263262894834826969454
我也确实如此	96937837447824
我们能一起解决这问题的	96636636494745435839439368433
别这么看着我	2439436352694396
这能让我单独相处些时候	94363647264963263894264248943744468
是我总在提醒你	74496966492484946464
要成番事业也无望了	92624364326744939398926453
我们都是怪物	96636368744482498
而那时我们便能	37627449663624266364
他们的婚姻该要从此告终	826363348694642492626642442694664
那现在你觉得这是你的错	62942692464583339437446433286
准备出发了吗	9486234248325362
我们会过得心宽体胖	96636484486339465826847264
但这却没有丝毫惬意	3269437836349687442674394
跟我到警察局去	4369632654642425878
这是个什么世界	94374443743663744543
那是你自己找的	62744649454942633
